<?xml version="1.0" encoding="utf-8"?><feed xmlns="http://www.w3.org/2005/Atom" ><generator uri="https://jekyllrb.com/" version="3.7.3">Jekyll</generator><link href="https://oer.uni-marburg.de/data/mriliasmooc/lm_data/lm_2777/feed.xml" rel="self" type="application/atom+xml" /><link href="https://oer.uni-marburg.de/data/mriliasmooc/lm_data/lm_2777/" rel="alternate" type="text/html" /><updated>2018-10-06T20:24:55+02:00</updated><id>https://oer.uni-marburg.de/data/mriliasmooc/lm_data/lm_2777/</id><title type="html">Lab of Environmental Informatics</title><subtitle>course course-materials geography remote-sensing marburg-open-educational-resource  physical-geography environmental-science nature-conservation r</subtitle><author><name>Thomas Nauss</name><email>nauss@geo.uni-marburg.de</email><uri>https://www.uni-marburg.de/fb19/fachgebiete/umweltinformatik/</uri></author></feed>